"ocorrencia","tipo_desc","latitude","longitude","created_at"
M20260294225,DISPARO DE ARMA,-3.8631688766550423,-38.47482782888476,2026-04-15 14:30:28.880 -0300
M20260293952,PERTURBAÇÃO AO SOSSEGO ALHEIO,-3.7674166081410783,-38.59608480080677,2026-04-15 09:40:28.727 -0300
M20260293943,PORTE ILEGAL DE ARMA,-7.2181186657913115,-39.325551313227045,2026-04-15 09:40:28.763 -0300
M20260293957,PERTURBAÇÃO AO SOSSEGO ALHEIO,-3.500243171798106,-39.58223628490588,2026-04-15 09:50:29.750 -0300
M20260293969,PORTE ILEGAL DE ARMA,-3.8342293793377404,-38.48592478220212,2026-04-15 10:00:28.763 -0300
M20260293981,PERTURBAÇÃO AO SOSSEGO ALHEIO,-3.764537572827807,-38.4888734274141,2026-04-15 10:10:28.920 -0300
M20260293976,TRÁFICO,-3.6984175384480924,-40.368964339912594,2026-04-15 10:10:28.954 -0300
M20260293975,PERTURBAÇÃO AO SOSSEGO ALHEIO,-3.804337579956935,-38.563449686477796,2026-04-15 10:10:28.958 -0300
M20260293974,ROUBO,-3.7712065107088653,-38.56969095906308,2026-04-15 10:10:28.961 -0300
M20260293973,FURTO,-3.7258939399845743,-38.54500070405431,2026-04-15 10:10:28.965 -0300
M20260293988,ROUBO,-3.720205216918543,-38.59588598218129,2026-04-15 10:20:27.393 -0300
M20260293987,FURTO,-3.715220384669982,-38.59469207449529,2026-04-15 10:20:27.426 -0300
M20260293985,PERTURBAÇÃO AO SOSSEGO ALHEIO,-3.677740169850376,-38.66857687028854,2026-04-15 10:20:27.429 -0300
M20260293993,MARIA DA PENHA,-3.5979954214964533,-39.43454682125215,2026-04-15 10:30:29.657 -0300
M20260293992,MARIA DA PENHA,-3.7992373958367187,-38.50517523730757,2026-04-15 10:30:29.691 -0300
M20260293991,GRUPO CRIMINOSO,-3.752236749431356,-38.557081979036624,2026-04-15 10:30:29.694 -0300
M20260294006,PERTURBAÇÃO AO SOSSEGO ALHEIO,-3.7589020948713614,-38.65851838154315,2026-04-15 10:50:30.328 -0300
M20260294014,PORTE ILEGAL DE ARMA,-3.739726768912882,-38.59302473107065,2026-04-15 11:00:29.260 -0300
M20260294010,ROUBO,-3.8215840057582104,-38.55882945154137,2026-04-15 11:00:29.293 -0300
M20260294038,PORTE ILEGAL DE ARMA,-3.6972176511786254,-40.36695865529668,2026-04-15 11:20:29.060 -0300
M20260294035,ROUBO,-3.7368970732343296,-38.501603514359296,2026-04-15 11:20:29.095 -0300
M20260294034,TENTATIVA DE HOMICÍDIO,-5.1979091904847605,-39.295213724918234,2026-04-15 11:20:29.099 -0300
M20260294030,FURTO DE VEÍCULO,-3.669578660107156,-40.34187617844417,2026-04-15 11:20:29.102 -0300
M20260294029,TRÁFICO,-3.7790632487504188,-40.49840108541485,2026-04-15 11:20:29.105 -0300
M20260294043,MARIA DA PENHA,-3.8015206980664082,-38.59869494359142,2026-04-15 11:30:28.859 -0300
M20260294042,MARIA DA PENHA,-3.870522553979,-38.58701148053701,2026-04-15 11:30:28.863 -0300
M20260294041,PERTURBAÇÃO AO SOSSEGO ALHEIO,-6.012329256873767,-40.29756768288455,2026-04-15 11:30:28.867 -0300
M20260294050,MARIA DA PENHA,-3.788205322876773,-38.61559731050945,2026-04-15 11:40:28.772 -0300
M20260294048,PERTURBAÇÃO AO SOSSEGO ALHEIO,-3.691282877988551,-38.604283561770146,2026-04-15 11:40:28.806 -0300
M20260294066,CONSUMO DE ENTORPECENTES,-7.221009700289209,-39.31364159625399,2026-04-15 12:00:28.754 -0300
M20260294079,MARIA DA PENHA,-7.232996493913188,-39.325371828602556,2026-04-15 12:10:30.047 -0300
M20260294089,TRÁFICO,-3.751176961521925,-38.57961115700661,2026-04-15 12:20:29.000 -0300
M20260294088,PORTE ILEGAL DE ARMA,-5.1463418700708115,-38.09616327534502,2026-04-15 12:20:29.033 -0300
M20260294087,PORTE ILEGAL DE ARMA,-5.143901297361348,-38.098771564730974,2026-04-15 12:20:29.036 -0300
M20260294108,MARIA DA PENHA,-3.7438780190141596,-38.616806670623376,2026-04-15 12:30:31.611 -0300
M20260294107,EMBRIAGUEZ E DESORDEM,-5.126099232705637,-39.73216877722657,2026-04-15 12:30:31.647 -0300
M20260294106,ROUBO,-3.8572174333992346,-38.63786567117815,2026-04-15 12:30:31.651 -0300
M20260294104,PORTE ILEGAL DE ARMA,-3.7538839569552818,-38.65464559546845,2026-04-15 12:30:31.654 -0300
M20260294098,PERTURBAÇÃO AO SOSSEGO ALHEIO,-3.812926562289517,-38.58160539289835,2026-04-15 12:30:31.657 -0300
M20260294113,FURTO DE VEÍCULO,-3.8462273847247643,-38.655059746339035,2026-04-15 12:40:28.752 -0300
M20260294112,PERTURBAÇÃO AO SOSSEGO ALHEIO,-3.7392960318554924,-38.53457435121706,2026-04-15 12:40:28.789 -0300
M20260294131,PORTE ILEGAL DE ARMA,-5.185605878452307,-39.28865662354885,2026-04-15 13:00:29.335 -0300
M20260294128,PERTURBAÇÃO AO SOSSEGO ALHEIO,-3.691282877988551,-38.604283561770146,2026-04-15 13:00:29.367 -0300
M20260294125,VIOLAÇÃO DA MONITORAÇÃO ELETRÔNICA DE PESSOAS,-3.718272616358263,-40.99088342919884,2026-04-15 13:00:29.371 -0300
M20260294124,ROUBO DE VEÍCULO,-3.707018596998183,-38.571069342666014,2026-04-15 13:00:29.375 -0300
M20260294123,PORTE ILEGAL DE ARMA,-7.089988699633357,-40.02845061979947,2026-04-15 13:00:29.379 -0300
M20260294151,PERTURBAÇÃO AO SOSSEGO ALHEIO,-3.7668972541976253,-38.51097626029008,2026-04-15 13:20:29.242 -0300
M20260294165,CONSUMO DE ENTORPECENTES,-7.236544189815586,-39.312246555075966,2026-04-15 13:30:29.938 -0300
M20260294171,FURTO DE VEÍCULO,-3.772817093828674,-38.56247258636327,2026-04-15 13:40:28.493 -0300
M20260294170,PERTURBAÇÃO AO SOSSEGO ALHEIO,-3.7547286187090676,-38.60298227654274,2026-04-15 13:40:28.498 -0300
M20260294182,MARIA DA PENHA,-3.7721256951325866,-38.65518948673504,2026-04-15 13:50:28.159 -0300
M20260294181,ROUBO,-7.2379077094419895,-39.31649095255273,2026-04-15 13:50:28.198 -0300
M20260294178,TENTATIVA DE HOMICÍDIO,-3.783386107063523,-38.55150116579562,2026-04-15 13:50:28.202 -0300
M20260294191,PERTURBAÇÃO AO SOSSEGO ALHEIO,-5.07244182322247,-37.9891734094855,2026-04-15 14:00:29.601 -0300
M20260294189,ROUBO DE VEÍCULO,-3.7555358859512693,-38.54498028262031,2026-04-15 14:00:29.635 -0300
M20260294186,DISPARO DE ARMA,-3.7292268213624133,-38.47326005240918,2026-04-15 14:00:29.639 -0300
M20260294204,MARIA DA PENHA,-3.781094833217337,-38.51248878509916,2026-04-15 14:20:30.057 -0300
M20260294199,MARIA DA PENHA,-3.7207638334243662,-38.46526719029519,2026-04-15 14:20:30.090 -0300
M20260294224,LESÃO CORPORAL,-3.7389605699581665,-38.568237765113984,2026-04-15 14:30:28.913 -0300
M20260294220,VIOLAÇÃO DA MONITORAÇÃO ELETRÔNICA DE PESSOAS,-3.8407709643395793,-38.52329714818396,2026-04-15 14:30:28.917 -0300
M20260294213,PERTURBAÇÃO AO SOSSEGO ALHEIO,-3.7595762738997904,-38.51399931504189,2026-04-15 14:30:28.921 -0300
M20260294212,VIOLAÇÃO DA MONITORAÇÃO ELETRÔNICA DE PESSOAS,-4.707860165284991,-40.57468055422486,2026-04-15 14:30:28.924 -0300
M20260294238,MARIA DA PENHA,-3.792711826749334,-38.56561914945343,2026-04-15 14:40:29.739 -0300
M20260294237,PERTURBAÇÃO AO SOSSEGO ALHEIO,-4.9678496453192,-39.0591072928842,2026-04-15 14:40:29.779 -0300
M20260294236,DISPARO DE ARMA,-3.989320427831877,-38.737585466354474,2026-04-15 14:40:29.783 -0300
M20260294249,PERTURBAÇÃO AO SOSSEGO ALHEIO,-3.8823241032626665,-38.610949040312825,2026-04-15 14:50:28.427 -0300
M20260294244,PERTURBAÇÃO AO SOSSEGO ALHEIO,-3.74387241954421,-38.50506254926283,2026-04-15 14:50:28.460 -0300
M20260294256,MARIA DA PENHA,-4.35215856255757,-39.31483868028997,2026-04-15 15:00:28.566 -0300
M20260294253,PERTURBAÇÃO AO SOSSEGO ALHEIO,-3.7277236551255584,-38.55315712129508,2026-04-15 15:00:28.602 -0300
M20260294252,TRÁFICO,-2.9163131590063567,-40.84338764525977,2026-04-15 15:00:28.606 -0300
M20260294251,MARIA DA PENHA,-4.350385515398149,-39.314606325047656,2026-04-15 15:00:28.609 -0300
M20260294263,TRÁFICO,-6.383778821889642,-39.30640675077549,2026-04-15 15:10:28.792 -0300
M20260294262,GRUPO CRIMINOSO,-3.687495484872269,-40.36297367619007,2026-04-15 15:10:28.798 -0300
M20260294261,FURTO,-3.7459983225022127,-38.523848257172496,2026-04-15 15:10:28.802 -0300
M20260294259,MARIA DA PENHA,-3.8256514448422214,-38.46687003090128,2026-04-15 15:10:28.805 -0300
M20260294258,PORTE ILEGAL DE ARMA,-3.748411919518353,-38.52228655648527,2026-04-15 15:10:28.809 -0300
M20260294279,MARIA DA PENHA,-4.9617254400437165,-39.005234223635306,2026-04-15 15:20:28.712 -0300
M20260294270,PERTURBAÇÃO AO SOSSEGO ALHEIO,-7.203524276759214,-39.31769064412651,2026-04-15 15:20:28.752 -0300
M20260294292,PORTE ILEGAL DE ARMA,-3.8317013239612328,-38.56768287438802,2026-04-15 15:30:29.322 -0300
M20260294286,MARIA DA PENHA,-3.835748266252405,-38.4762171152688,2026-04-15 15:30:29.358 -0300
M20260294285,PORTE ILEGAL DE ARMA,-3.7027162128843165,-40.33369515915058,2026-04-15 15:30:29.361 -0300
M20260294284,ROUBO DE VEÍCULO,-3.1203285436871093,-40.82834535500369,2026-04-15 15:30:29.364 -0300
M20260294306,LESÃO CORPORAL,-7.223870397705266,-39.3123516194284,2026-04-15 15:40:28.569 -0300
M20260294304,ROUBO,-3.7622119076754643,-38.440722828995796,2026-04-15 15:40:28.608 -0300
M20260294303,TRÁFICO,-2.9004620410619535,-40.84177822794925,2026-04-15 15:40:28.611 -0300
M20260294302,PORTE ILEGAL DE ARMA,-4.941031939655625,-37.9759492168617,2026-04-15 15:40:28.615 -0300
M20260294298,FURTO,-3.7209224360352446,-38.5394236513442,2026-04-15 15:40:28.618 -0300
M20260294320,TRÁFICO,-3.790807851191603,-38.59189569289558,2026-04-15 15:50:34.403 -0300
M20260294313,MARIA DA PENHA,-3.8163512437052347,-38.58247888326561,2026-04-15 15:50:34.439 -0300
M20260294336,PERTURBAÇÃO AO SOSSEGO ALHEIO,-3.881934481037363,-38.623536695735794,2026-04-15 16:00:30.024 -0300
M20260294333,FURTO,-3.816238761634705,-38.50745077604097,2026-04-15 16:00:30.057 -0300
M20260294329,PERTURBAÇÃO AO SOSSEGO ALHEIO,-3.890329658459852,-38.614791248880174,2026-04-15 16:00:30.061 -0300
M20260294326,MARIA DA PENHA,-3.7381107352724,-38.64157266101076,2026-04-15 16:00:30.064 -0300
M20260294344,IMPORTUNAÇÃO SEXUAL,-3.728025385628162,-38.52967073445155,2026-04-15 16:10:28.203 -0300
M20260294343,FURTO,-3.766851151990957,-38.515233393862246,2026-04-15 16:10:28.238 -0300
M20260294340,PERTURBAÇÃO AO SOSSEGO ALHEIO,-3.824200713355491,-38.46334785216588,2026-04-15 16:10:28.242 -0300
M20260294353,PERTURBAÇÃO AO SOSSEGO ALHEIO,-3.902002195121519,-38.68460834254178,2026-04-15 16:20:29.075 -0300
M20260294352,MARIA DA PENHA,-3.795541610313868,-38.569201989388596,2026-04-15 16:20:29.109 -0300
M20260294350,EMBRIAGUEZ E DESORDEM,-7.3917447990707394,-38.772742157063114,2026-04-15 16:20:29.112 -0300
M20260294370,MARIA DA PENHA,-7.225808599766082,-39.29177025703824,2026-04-15 16:30:28.710 -0300
M20260294365,PERTURBAÇÃO AO SOSSEGO ALHEIO,-7.084661490726503,-40.17204939984505,2026-04-15 16:30:28.744 -0300
M20260294391,ROUBO,-4.046826998282055,-38.631484592397,2026-04-15 16:40:30.226 -0300
M20260294387,MARIA DA PENHA,-5.177853425729844,-40.671815012254925,2026-04-15 16:40:30.259 -0300
M20260294384,MARIA DA PENHA,-3.704742891887657,-40.336451760788215,2026-04-15 16:40:30.262 -0300
M20260294381,PERTURBAÇÃO AO SOSSEGO ALHEIO,-5.07244182322247,-37.9891734094855,2026-04-15 16:40:30.266 -0300
M20260294403,PERTURBAÇÃO AO SOSSEGO ALHEIO,-3.4613663924145373,-40.20890451402727,2026-04-15 16:50:27.343 -0300
M20260294402,FURTO DE VEÍCULO,-3.8116759750005964,-38.58820113201876,2026-04-15 16:50:27.348 -0300
M20260294420,PERTURBAÇÃO AO SOSSEGO ALHEIO,-3.8109999919710282,-38.55118475464481,2026-04-15 17:00:28.852 -0300
M20260294418,MARIA DA PENHA,-3.515267264563323,-39.494037044632016,2026-04-15 17:00:28.886 -0300
M20260294416,PERTURBAÇÃO AO SOSSEGO ALHEIO,-4.996351483355483,-39.06207181586511,2026-04-15 17:00:28.889 -0300
M20260294411,PERTURBAÇÃO AO SOSSEGO ALHEIO,-3.775827872247275,-38.57089259562719,2026-04-15 17:00:28.892 -0300
M20260294426,MARIA DA PENHA,-3.772931505965999,-38.61159315483303,2026-04-15 17:10:28.682 -0300
M20260294423,PERTURBAÇÃO AO SOSSEGO ALHEIO,-3.902002195121519,-38.68460834254178,2026-04-15 17:10:28.718 -0300
M20260294435,MARIA DA PENHA,-7.210405372443829,-39.30697501926112,2026-04-15 17:20:30.012 -0300
M20260294432,PERTURBAÇÃO AO SOSSEGO ALHEIO,-5.070468568906614,-37.98949363693718,2026-04-15 17:20:30.017 -0300
M20260294446,MARIA DA PENHA,-3.8716266871651435,-38.58037743243042,2026-04-15 17:30:28.960 -0300
M20260294443,TRÁFICO,-3.725389025749331,-38.58455164847642,2026-04-15 17:30:28.994 -0300
M20260294457,PERTURBAÇÃO AO SOSSEGO ALHEIO,-3.780225198424808,-38.597069813308245,2026-04-15 17:40:28.659 -0300
M20260294454,PERTURBAÇÃO AO SOSSEGO ALHEIO,-3.7624268308074162,-38.60003902858346,2026-04-15 17:40:28.694 -0300
M20260294465,FURTO DE VEÍCULO,-3.7397092716189335,-38.509723592095455,2026-04-15 17:50:28.885 -0300
M20260294464,EMBRIAGUEZ E DESORDEM,-7.495291175831356,-38.98617571357834,2026-04-15 17:50:28.889 -0300
M20260294482,FURTO,-3.7875187917135995,-38.50544379611459,2026-04-15 18:00:29.435 -0300
M20260294481,PERTURBAÇÃO AO SOSSEGO ALHEIO,-4.100132779356974,-38.48351411141754,2026-04-15 18:00:29.471 -0300
M20260294479,CONSUMO DE ENTORPECENTES,-3.7446858352131103,-38.49830994353894,2026-04-15 18:00:29.475 -0300
M20260294477,FURTO DE VEÍCULO,-3.758432635814836,-38.48818192968881,2026-04-15 18:00:29.479 -0300
M20260294494,FURTO DE VEÍCULO,-3.758432635814836,-38.48818192968881,2026-04-15 18:10:29.451 -0300
M20260294489,MARIA DA PENHA,-3.8591086211368504,-38.584923010705296,2026-04-15 18:10:29.455 -0300
M20260294507,MARIA DA PENHA,-3.836175850879078,-38.518011452166625,2026-04-15 18:20:29.814 -0300
M20260294503,PERTURBAÇÃO AO SOSSEGO ALHEIO,-3.8416775673102666,-38.48411011478773,2026-04-15 18:20:29.823 -0300
M20260294498,PERTURBAÇÃO AO SOSSEGO ALHEIO,-3.9012695891507203,-38.62183320998499,2026-04-15 18:20:29.827 -0300
M20260294497,PERTURBAÇÃO AO SOSSEGO ALHEIO,-3.796473324764695,-38.49384388483377,2026-04-15 18:20:29.830 -0300
M20260294528,MARIA DA PENHA,-3.722752998219885,-38.5594812068061,2026-04-15 18:30:30.288 -0300
M20260294520,FURTO DE VEÍCULO,-3.719034854573004,-38.576868474000655,2026-04-15 18:30:30.325 -0300
M20260294517,EMBRIAGUEZ E DESORDEM,-5.518530005382344,-38.27044709472709,2026-04-15 18:30:30.328 -0300
M20260294545,PERTURBAÇÃO AO SOSSEGO ALHEIO,-5.395556597919566,-40.31213120385011,2026-04-15 18:40:34.590 -0300
M20260294543,MARIA DA PENHA,-3.82713638905721,-38.59369086182329,2026-04-15 18:40:34.594 -0300
M20260294538,PERTURBAÇÃO AO SOSSEGO ALHEIO,-3.7397788648473997,-39.5445102972565,2026-04-15 18:40:34.599 -0300
M20260294535,MARIA DA PENHA,-5.722457220575387,-39.004696899080585,2026-04-15 18:40:34.603 -0300
M20260294559,PERTURBAÇÃO AO SOSSEGO ALHEIO,-3.675262452762797,-40.34464434635992,2026-04-15 18:50:28.615 -0300
M20260294555,ROUBO,-3.7864248773552998,-38.49034597425908,2026-04-15 18:50:28.652 -0300
M20260294556,ROUBO DE VEÍCULO,-3.761992281025981,-38.4857357165697,2026-04-15 18:50:28.655 -0300
M20260294554,PERTURBAÇÃO AO SOSSEGO ALHEIO,-3.713361550699149,-38.5915437685377,2026-04-15 18:50:28.659 -0300
M20260294552,PERTURBAÇÃO AO SOSSEGO ALHEIO,-3.8254081255344405,-38.58116064509912,2026-04-15 18:50:28.662 -0300
M20260294550,MARIA DA PENHA,-4.337569338452596,-38.872306537265054,2026-04-15 18:50:28.666 -0300
M20260294549,PERTURBAÇÃO AO SOSSEGO ALHEIO,-3.775562704165074,-38.48277114231561,2026-04-15 18:50:28.670 -0300
M20260294569,PERTURBAÇÃO AO SOSSEGO ALHEIO,-3.727544004961344,-40.989376288064655,2026-04-15 19:00:28.549 -0300
M20260294568,MARIA DA PENHA,-3.839608912347733,-38.55279177001831,2026-04-15 19:00:28.585 -0300
M20260294591,PERTURBAÇÃO AO SOSSEGO ALHEIO,-3.8157155508419676,-38.580475189508945,2026-04-15 19:10:31.468 -0300
M20260294585,LESÃO CORPORAL,-3.8120183036531246,-38.59928702271501,2026-04-15 19:10:31.472 -0300
M20260294584,TRÁFICO,-3.7944923939696142,-38.545624743011246,2026-04-15 19:10:31.476 -0300
M20260294582,PERTURBAÇÃO AO SOSSEGO ALHEIO,-7.180533540729949,-39.31035610101025,2026-04-15 19:10:31.480 -0300
M20260294581,PORTE ILEGAL DE ARMA,-6.002881145375291,-40.29431766329595,2026-04-15 19:10:31.484 -0300
M20260294607,CONSUMO DE ENTORPECENTES,-3.7590447548244486,-38.48363760108632,2026-04-15 19:20:29.693 -0300
M20260294606,FURTO,-4.356720662543543,-39.306615782908914,2026-04-15 19:20:29.731 -0300
M20260294603,CONSUMO DE ENTORPECENTES,-5.107667412519332,-38.37283631445675,2026-04-15 19:20:29.735 -0300
M20260294642,PORTE ILEGAL DE ARMA,-3.118083172941201,-40.830027391671656,2026-04-15 19:40:29.648 -0300
M20260294639,TRÁFICO,-3.734625637362553,-38.672476373192524,2026-04-15 19:40:29.709 -0300
M20260294637,MARIA DA PENHA,-3.7789531429178833,-38.50515659253473,2026-04-15 19:40:29.713 -0300
M20260294664,EMBRIAGUEZ E DESORDEM,-7.223920635654547,-39.3157191615943,2026-04-15 19:50:28.663 -0300
M20260294660,TRÁFICO,-3.7458926428470067,-38.60705771555779,2026-04-15 19:50:28.706 -0300
M20260294659,PERTURBAÇÃO AO SOSSEGO ALHEIO,-3.8797217578205805,-38.67817248946007,2026-04-15 19:50:28.711 -0300
M20260294654,PORTE ILEGAL DE ARMA,-4.321908744615128,-38.884150360376665,2026-04-15 19:50:28.722 -0300
M20260294652,MARIA DA PENHA,-3.768836392900439,-38.49440521721975,2026-04-15 19:50:28.726 -0300
M20260294651,MARIA DA PENHA,-7.2423679142996225,-39.42067250284984,2026-04-15 19:50:28.731 -0300
M20260294649,PERTURBAÇÃO AO SOSSEGO ALHEIO,-3.7576747245538624,-38.65991485115081,2026-04-15 19:50:28.735 -0300
M20260294648,PERTURBAÇÃO AO SOSSEGO ALHEIO,-3.7256605766846436,-38.60385699619626,2026-04-15 19:50:28.739 -0300
M20260294678,PERTURBAÇÃO AO SOSSEGO ALHEIO,-7.218348227573764,-39.322134557766155,2026-04-15 20:00:30.244 -0300
M20260294675,TRÁFICO,-6.358405683109188,-39.29774088517594,2026-04-15 20:00:30.284 -0300
M20260294672,MARIA DA PENHA,-4.89168601454359,-38.99104267309346,2026-04-15 20:00:30.289 -0300
M20260294701,PERTURBAÇÃO AO SOSSEGO ALHEIO,-3.7143641989340264,-38.59409118036653,2026-04-15 20:10:27.892 -0300
M20260294698,TRÁFICO,-3.756191543311983,-38.59469615073425,2026-04-15 20:10:27.934 -0300
M20260294697,PERTURBAÇÃO AO SOSSEGO ALHEIO,-3.7489409127820945,-38.5627213395909,2026-04-15 20:10:27.938 -0300
M20260294696,PERTURBAÇÃO AO SOSSEGO ALHEIO,-6.520032881096155,-39.51826200286922,2026-04-15 20:10:27.942 -0300
M20260294688,ROUBO DE VEÍCULO,-3.811570911200809,-38.59689767420052,2026-04-15 20:10:27.947 -0300
M20260294712,FURTO EM VEÍCULO,-3.7962687197903833,-38.600423219994454,2026-04-15 20:20:29.225 -0300
M20260294711,PERTURBAÇÃO AO SOSSEGO ALHEIO,-3.7753569090843158,-38.57163644483052,2026-04-15 20:20:29.266 -0300
M20260294710,CONSUMO DE ENTORPECENTES,-7.21752163678561,-39.29056929796392,2026-04-15 20:20:29.271 -0300
M20260294708,PERTURBAÇÃO AO SOSSEGO ALHEIO,-3.7343861289075453,-38.567155200645196,2026-04-15 20:20:29.275 -0300
M20260294735,PERTURBAÇÃO AO SOSSEGO ALHEIO,-7.237961557356355,-39.32883819509289,2026-04-15 20:30:30.223 -0300
M20260294732,PORTE ILEGAL DE ARMA,-7.249064290681945,-39.28787026866946,2026-04-15 20:30:30.229 -0300
M20260294733,MARIA DA PENHA,-3.76607891156188,-38.63284896913667,2026-04-15 20:30:30.234 -0300
M20260294729,PERTURBAÇÃO AO SOSSEGO ALHEIO,-3.7943998824255503,-39.27344929350605,2026-04-15 20:30:30.240 -0300
M20260294726,PERTURBAÇÃO AO SOSSEGO ALHEIO,-3.8634125384488276,-38.585593281167746,2026-04-15 20:30:30.244 -0300
M20260294724,PERTURBAÇÃO AO SOSSEGO ALHEIO,-7.584434677108044,-39.28103607765941,2026-04-15 20:30:30.251 -0300
M20260294723,ROUBO,-3.8450720372891953,-38.49303291447365,2026-04-15 20:30:30.254 -0300
M20260294749,PERTURBAÇÃO AO SOSSEGO ALHEIO,-3.567542235845813,-41.089330349028124,2026-04-15 20:40:30.056 -0300
M20260294748,PORTE ILEGAL DE ARMA,-3.762291041395197,-38.58975446404801,2026-04-15 20:40:30.096 -0300
M20260294768,MARIA DA PENHA,-3.786707466717984,-38.60400202546956,2026-04-15 20:50:28.303 -0300
M20260294767,PERTURBAÇÃO AO SOSSEGO ALHEIO,-3.736738086757652,-38.543311640547316,2026-04-15 20:50:28.340 -0300
M20260294766,RAPTO,-3.718483402836552,-38.54697270495203,2026-04-15 20:50:28.344 -0300
M20260294763,PERTURBAÇÃO AO SOSSEGO ALHEIO,-3.755114484920932,-38.448530192714536,2026-04-15 20:50:28.351 -0300
M20260294759,ROUBO,-3.8536112061890835,-38.64186333348162,2026-04-15 20:50:28.357 -0300
M20260294758,PERTURBAÇÃO AO SOSSEGO ALHEIO,-3.7774033631456305,-38.58996199337547,2026-04-15 20:50:28.360 -0300
M20260294775,TRÁFICO,-3.694678203213674,-40.35948388796679,2026-04-15 21:00:28.539 -0300
M20260294774,PERTURBAÇÃO AO SOSSEGO ALHEIO,-3.726133643250302,-38.463137447305364,2026-04-15 21:00:28.573 -0300
M20260294773,PERTURBAÇÃO AO SOSSEGO ALHEIO,-5.212203591846296,-39.3005216280446,2026-04-15 21:00:28.577 -0300
M20260294798,MARIA DA PENHA,-3.7348359087802083,-38.54481527528291,2026-04-15 21:10:42.700 -0300
M20260294797,PERTURBAÇÃO AO SOSSEGO ALHEIO,-7.385566683261889,-38.7758545381088,2026-04-15 21:10:42.736 -0300
M20260294795,MARIA DA PENHA,-3.6997608891913365,-38.58238780099598,2026-04-15 21:10:42.739 -0300
M20260294792,CONSUMO DE ENTORPECENTES,-3.759637783205851,-38.52928400253546,2026-04-15 21:10:42.744 -0300
M20260294819,PERTURBAÇÃO AO SOSSEGO ALHEIO,-3.714002941401615,-38.562865137986286,2026-04-15 21:20:29.277 -0300
M20260294814,CONSUMO DE ENTORPECENTES,-3.7285850234935247,-38.49441149454903,2026-04-15 21:20:29.283 -0300
M20260294813,PERTURBAÇÃO AO SOSSEGO ALHEIO,-7.21711565248018,-39.30092160743416,2026-04-15 21:20:29.288 -0300
M20260294812,CONSUMO DE ENTORPECENTES,-3.689787007478867,-40.35557941978277,2026-04-15 21:20:29.294 -0300
M20260294811,PERTURBAÇÃO AO SOSSEGO ALHEIO,-3.7305470726792036,-40.99242783486226,2026-04-15 21:20:29.298 -0300
M20260294810,PERTURBAÇÃO AO SOSSEGO ALHEIO,-3.8272513093320235,-38.57751690796656,2026-04-15 21:20:29.304 -0300
M20260294842,PERTURBAÇÃO AO SOSSEGO ALHEIO,-4.4682152498808465,-38.8976018172052,2026-04-15 21:30:29.205 -0300
M20260294841,PERTURBAÇÃO AO SOSSEGO ALHEIO,-7.240606517559155,-39.29309929409427,2026-04-15 21:30:29.251 -0300
M20260294835,PERTURBAÇÃO AO SOSSEGO ALHEIO,-3.839276387847601,-38.51865160796868,2026-04-15 21:30:29.256 -0300
M20260294834,PERTURBAÇÃO AO SOSSEGO ALHEIO,-3.7568082177925164,-38.5894011196927,2026-04-15 21:30:29.261 -0300
M20260294827,DISPARO DE ARMA,-3.779108867126668,-38.484751317228664,2026-04-15 21:30:29.265 -0300
M20260294863,LESÃO CORPORAL,-3.7305470726792036,-40.99242783486226,2026-04-15 21:40:30.016 -0300
M20260294859,PERTURBAÇÃO AO SOSSEGO ALHEIO,-3.7373574589743974,-38.55426434147832,2026-04-15 21:40:30.053 -0300
M20260294858,PERTURBAÇÃO AO SOSSEGO ALHEIO,-3.8164658958551554,-38.514380783623565,2026-04-15 21:40:30.057 -0300
M20260294892,PERTURBAÇÃO AO SOSSEGO ALHEIO,-3.748819952819289,-38.49911736734483,2026-04-15 21:50:29.864 -0300
M20260294891,PERTURBAÇÃO AO SOSSEGO ALHEIO,-3.764340883016087,-38.57813123547506,2026-04-15 21:50:29.869 -0300
M20260294890,PERTURBAÇÃO AO SOSSEGO ALHEIO,-7.228830933989708,-39.31702567331728,2026-04-15 21:50:29.873 -0300
M20260294887,PERTURBAÇÃO AO SOSSEGO ALHEIO,-3.754644515444529,-38.61926172360178,2026-04-15 21:50:29.876 -0300
M20260294884,PERTURBAÇÃO AO SOSSEGO ALHEIO,-3.760585234383472,-38.57829541584956,2026-04-15 21:50:29.879 -0300
M20260294882,PERTURBAÇÃO AO SOSSEGO ALHEIO,-6.948950711359401,-38.9653480331305,2026-04-15 21:50:29.882 -0300
M20260294881,PERTURBAÇÃO AO SOSSEGO ALHEIO,-3.7914817621644707,-38.4756198880554,2026-04-15 21:50:29.886 -0300
M20260294880,GRUPO CRIMINOSO,-7.25229252887008,-39.25742804502329,2026-04-15 21:50:29.890 -0300
M20260294873,LESÃO CORPORAL,-7.241057991316558,-39.33811040620838,2026-04-15 21:50:29.892 -0300
M20260294908,CONSUMO DE ENTORPECENTES,-3.830456722929099,-38.55524934641905,2026-04-15 22:00:29.439 -0300
M20260294906,PERTURBAÇÃO AO SOSSEGO ALHEIO,-2.907501124792583,-40.85626072258436,2026-04-15 22:00:29.471 -0300
M20260294905,PERTURBAÇÃO AO SOSSEGO ALHEIO,-7.218499874365051,-39.32027724665578,2026-04-15 22:00:29.475 -0300
M20260294901,FURTO,-3.777597682291742,-38.5692746213909,2026-04-15 22:00:29.478 -0300
M20260294931,PERTURBAÇÃO AO SOSSEGO ALHEIO,-3.887526581961793,-38.62286949031232,2026-04-15 22:10:29.088 -0300
M20260294930,TRÁFICO,-3.8451486626009994,-38.61065182200546,2026-04-15 22:10:29.093 -0300
M20260294929,CONSUMO DE ENTORPECENTES,-7.2166271056808755,-39.31446085326161,2026-04-15 22:10:29.096 -0300
M20260294927,MARIA DA PENHA,-3.118083172941201,-40.830027391671656,2026-04-15 22:10:29.100 -0300
M20260294925,PERTURBAÇÃO AO SOSSEGO ALHEIO,-3.567542235845813,-41.089330349028124,2026-04-15 22:10:29.104 -0300
M20260294924,PERTURBAÇÃO AO SOSSEGO ALHEIO,-4.340119762414401,-39.30706797838598,2026-04-15 22:10:29.108 -0300
M20260294918,MARIA DA PENHA,-4.847098833092715,-39.57684146260265,2026-04-15 22:10:29.111 -0300
M20260294917,PERTURBAÇÃO AO SOSSEGO ALHEIO,-5.755997456518601,-39.62773380180947,2026-04-15 22:10:29.115 -0300
M20260294950,PERTURBAÇÃO AO SOSSEGO ALHEIO,-2.89323702557582,-40.44958177085189,2026-04-15 22:20:30.165 -0300
M20260294949,PERTURBAÇÃO AO SOSSEGO ALHEIO,-3.672374937885636,-39.11575563297339,2026-04-15 22:20:30.199 -0300
M20260294948,PERTURBAÇÃO AO SOSSEGO ALHEIO,-3.736936576984637,-38.59397952413835,2026-04-15 22:20:30.204 -0300
M20260294946,PERTURBAÇÃO AO SOSSEGO ALHEIO,-3.831638594226884,-38.572098969333545,2026-04-15 22:20:30.208 -0300
M20260294945,PERTURBAÇÃO AO SOSSEGO ALHEIO,-3.7679485127376617,-38.63521538690321,2026-04-15 22:20:30.212 -0300
M20260294944,PERTURBAÇÃO AO SOSSEGO ALHEIO,-6.043237670438228,-38.46040590808765,2026-04-15 22:20:30.216 -0300
M20260294943,PERTURBAÇÃO AO SOSSEGO ALHEIO,-3.8378734369867935,-38.559975570040834,2026-04-15 22:20:30.220 -0300
M20260294942,EMBRIAGUEZ E DESORDEM,-7.202383199617522,-39.30567338466698,2026-04-15 22:20:30.223 -0300
M20260294972,MARIA DA PENHA,-5.187478442841317,-39.2942633171815,2026-04-15 22:30:29.628 -0300
M20260294971,PERTURBAÇÃO AO SOSSEGO ALHEIO,-3.7205682594743945,-38.5886665690162,2026-04-15 22:30:29.665 -0300
M20260294970,MARIA DA PENHA,-3.822509431405647,-38.59115503084402,2026-04-15 22:30:29.669 -0300
M20260294969,PERTURBAÇÃO AO SOSSEGO ALHEIO,-7.308969858379898,-39.30313972972843,2026-04-15 22:30:29.672 -0300
M20260294967,PERTURBAÇÃO AO SOSSEGO ALHEIO,-5.099408101633809,-38.37090368115603,2026-04-15 22:30:29.676 -0300
M20260294965,PERTURBAÇÃO AO SOSSEGO ALHEIO,-4.967063237006038,-39.00342035410039,2026-04-15 22:30:29.680 -0300
M20260294964,PERTURBAÇÃO AO SOSSEGO ALHEIO,-3.7754528964615326,-40.343368385537644,2026-04-15 22:30:29.684 -0300
M20260294963,PERTURBAÇÃO AO SOSSEGO ALHEIO,-7.236722070680624,-39.42526303376451,2026-04-15 22:30:29.687 -0300
M20260294961,PERTURBAÇÃO AO SOSSEGO ALHEIO,-3.8872998289322838,-38.61975933694635,2026-04-15 22:30:29.691 -0300
M20260294959,PERTURBAÇÃO AO SOSSEGO ALHEIO,-7.321445532721037,-39.295654343545266,2026-04-15 22:30:29.694 -0300
M20260294991,MARIA DA PENHA,-3.1288663930995186,-40.82665062996304,2026-04-15 22:40:29.092 -0300
M20260294990,PERTURBAÇÃO AO SOSSEGO ALHEIO,-3.767527513638585,-38.61661632934413,2026-04-15 22:40:29.097 -0300
M20260294988,PERTURBAÇÃO AO SOSSEGO ALHEIO,-3.743191127908486,-38.48381422780379,2026-04-15 22:40:29.101 -0300
M20260294986,PERTURBAÇÃO AO SOSSEGO ALHEIO,-3.781694513970318,-38.517781580753216,2026-04-15 22:40:29.104 -0300
M20260294985,PERTURBAÇÃO AO SOSSEGO ALHEIO,-4.1747509004747485,-38.466885803421754,2026-04-15 22:40:29.108 -0300
M20260294984,PERTURBAÇÃO AO SOSSEGO ALHEIO,-3.760555185275573,-38.57845285107937,2026-04-15 22:40:29.112 -0300
M20260294983,ROUBO,-5.205702433803752,-39.31118875717519,2026-04-15 22:40:29.115 -0300
M20260295005,PERTURBAÇÃO AO SOSSEGO ALHEIO,-6.6823630487118795,-39.756436882207026,2026-04-15 22:50:28.401 -0300
M20260295003,PERTURBAÇÃO AO SOSSEGO ALHEIO,-7.309758123178515,-38.94972738901803,2026-04-15 22:50:28.438 -0300
M20260295002,PERTURBAÇÃO AO SOSSEGO ALHEIO,-3.8672514956972055,-38.65029127463855,2026-04-15 22:50:28.441 -0300
M20260295001,PERTURBAÇÃO AO SOSSEGO ALHEIO,-3.866520635364644,-38.498874785350544,2026-04-15 22:50:28.445 -0300
M20260295023,PERTURBAÇÃO AO SOSSEGO ALHEIO,-3.851340413959342,-38.616843491717546,2026-04-15 23:00:28.432 -0300
M20260295021,PERTURBAÇÃO AO SOSSEGO ALHEIO,-5.190118345889608,-39.282038034614494,2026-04-15 23:00:28.467 -0300
M20260295020,PERTURBAÇÃO AO SOSSEGO ALHEIO,-7.242531265102754,-39.33689342188007,2026-04-15 23:00:28.471 -0300
M20260295019,PERTURBAÇÃO AO SOSSEGO ALHEIO,-3.78560674732242,-38.56938279304683,2026-04-15 23:00:28.475 -0300
M20260295017,PERTURBAÇÃO AO SOSSEGO ALHEIO,-7.2492771661031785,-39.14513573462724,2026-04-15 23:00:28.478 -0300
M20260295015,PORTE ILEGAL DE ARMA,-3.5979954214964533,-39.43454682125215,2026-04-15 23:00:28.482 -0300
M20260295013,PERTURBAÇÃO AO SOSSEGO ALHEIO,-3.832886147131022,-38.49379114605057,2026-04-15 23:00:28.485 -0300
M20260295011,PERTURBAÇÃO AO SOSSEGO ALHEIO,-3.2245846061756605,-40.694825038685096,2026-04-15 23:00:28.489 -0300
M20260295012,PERTURBAÇÃO AO SOSSEGO ALHEIO,-3.854233682387305,-38.49870446788742,2026-04-15 23:00:28.493 -0300
M20260295035,PERTURBAÇÃO AO SOSSEGO ALHEIO,-3.776296507742063,-38.628681215404555,2026-04-15 23:10:30.006 -0300
M20260295033,EMBRIAGUEZ E DESORDEM,-7.31277801100682,-39.30489057283498,2026-04-15 23:10:30.043 -0300
M20260295032,PERTURBAÇÃO AO SOSSEGO ALHEIO,-6.748044386641317,-38.967915978797734,2026-04-15 23:10:30.047 -0300
M20260295030,PERTURBAÇÃO AO SOSSEGO ALHEIO,-3.7568138121234207,-38.578954465345,2026-04-15 23:10:30.051 -0300
M20260295029,FURTO,-3.7816927775227667,-38.5354323745528,2026-04-15 23:10:30.055 -0300
M20260295049,PERTURBAÇÃO AO SOSSEGO ALHEIO,-3.692559530015145,-40.3502793476674,2026-04-15 23:20:30.091 -0300
M20260295047,PERTURBAÇÃO AO SOSSEGO ALHEIO,-5.744970578620807,-39.62934879035368,2026-04-15 23:20:30.134 -0300
M20260295046,LESÃO CORPORAL,-6.9037562080124255,-39.869258382306796,2026-04-15 23:20:30.138 -0300
M20260295044,PERTURBAÇÃO AO SOSSEGO ALHEIO,-3.829672018665847,-38.525987659787575,2026-04-15 23:20:30.144 -0300
M20260295043,EMBRIAGUEZ E DESORDEM,-7.203288253153707,-39.321088448088034,2026-04-15 23:20:30.149 -0300
M20260295042,DISPARO DE ARMA,-4.16570511820173,-40.937958736735574,2026-04-15 23:20:30.153 -0300
M20260295041,PERTURBAÇÃO AO SOSSEGO ALHEIO,-3.710058368984834,-38.58255632438936,2026-04-15 23:20:30.158 -0300
M20260295040,PERTURBAÇÃO AO SOSSEGO ALHEIO,-3.7534578621939017,-38.53859545256892,2026-04-15 23:20:30.161 -0300
M20260295064,PERTURBAÇÃO AO SOSSEGO ALHEIO,-3.847913640156721,-38.51885274618994,2026-04-15 23:30:28.751 -0300
M20260295063,PERTURBAÇÃO AO SOSSEGO ALHEIO,-4.18286289681983,-38.47109493786352,2026-04-15 23:30:28.787 -0300
M20260295061,PERTURBAÇÃO AO SOSSEGO ALHEIO,-4.6289459793816965,-40.519573753905185,2026-04-15 23:30:28.791 -0300
M20260295060,PERTURBAÇÃO AO SOSSEGO ALHEIO,-4.832774001882289,-40.32093285256952,2026-04-15 23:30:28.795 -0300
M20260295056,PERTURBAÇÃO AO SOSSEGO ALHEIO,-2.9004620410619535,-40.84177822794925,2026-04-15 23:30:28.799 -0300
M20260295055,DISPARO DE ARMA,-3.8294069515579094,-38.51614371102944,2026-04-15 23:30:28.803 -0300
M20260295054,MARIA DA PENHA,-7.313008573444149,-39.30651035544083,2026-04-15 23:30:28.806 -0300
M20260295081,MARIA DA PENHA,-3.874212249127578,-38.60966682219395,2026-04-15 23:40:28.884 -0300
M20260295077,PERTURBAÇÃO AO SOSSEGO ALHEIO,-7.384486687793471,-38.772586838926685,2026-04-15 23:40:28.916 -0300
M20260295072,PERTURBAÇÃO AO SOSSEGO ALHEIO,-3.776147262910841,-38.61998213593181,2026-04-15 23:40:28.919 -0300
M20260295073,PERTURBAÇÃO AO SOSSEGO ALHEIO,-3.760392467363668,-38.59957759882873,2026-04-15 23:40:28.923 -0300
M20260295069,PERTURBAÇÃO AO SOSSEGO ALHEIO,-3.7721426577326387,-38.590801018739626,2026-04-15 23:40:28.926 -0300
M20260295098,PORTE ILEGAL DE ARMA,-3.699434282051715,-40.34981106189682,2026-04-15 23:50:28.749 -0300
M20260295095,CONSUMO DE ENTORPECENTES,-3.7415939167074326,-38.61069870705044,2026-04-15 23:50:28.781 -0300
M20260295094,PERTURBAÇÃO AO SOSSEGO ALHEIO,-7.236722070680624,-39.42526303376451,2026-04-15 23:50:28.785 -0300
M20260295091,PERTURBAÇÃO AO SOSSEGO ALHEIO,-3.784719652960368,-38.50538081192707,2026-04-15 23:50:28.788 -0300
M20260295089,MARIA DA PENHA,-7.220115386178661,-39.31581570669518,2026-04-15 23:50:28.791 -0300
M20260295088,PERTURBAÇÃO AO SOSSEGO ALHEIO,-4.359924457766203,-39.30681030947933,2026-04-15 23:50:28.794 -0300
M20260295087,LESÃO CORPORAL,-7.208450170683635,-39.304889698169816,2026-04-15 23:50:28.797 -0300
M20260295086,PERTURBAÇÃO AO SOSSEGO ALHEIO,-3.7039724567264836,-38.57305573200752,2026-04-15 23:50:28.800 -0300
M20260295117,MARIA DA PENHA,-3.8528288042848775,-40.91927033976163,2026-04-16 00:00:27.877 -0300
M20260295116,PERTURBAÇÃO AO SOSSEGO ALHEIO,-3.7669593172942797,-38.64101505543314,2026-04-16 00:00:27.911 -0300
M20260295115,MARIA DA PENHA,-4.360937251684462,-39.30542927831309,2026-04-16 00:00:27.916 -0300
M20260295112,DISPARO DE ARMA,-3.736681970195862,-38.592352520492376,2026-04-16 00:00:27.920 -0300
M20260295110,PORTE ILEGAL DE ARMA,-3.742495185369154,-38.64810853277123,2026-04-16 00:00:27.923 -0300
M20260295109,PERTURBAÇÃO AO SOSSEGO ALHEIO,-7.495603364903729,-38.98174990604072,2026-04-16 00:00:27.927 -0300
M20260295108,MARIA DA PENHA,-3.4943311775477333,-39.580068427683656,2026-04-16 00:00:27.929 -0300
M20260295107,PERTURBAÇÃO AO SOSSEGO ALHEIO,-3.7868066644337723,-38.48337967243116,2026-04-16 00:00:27.933 -0300
M20260295127,PERTURBAÇÃO AO SOSSEGO ALHEIO,-5.105005809444409,-39.71751802384875,2026-04-16 00:10:29.706 -0300
M20260295124,PERTURBAÇÃO AO SOSSEGO ALHEIO,-4.968437507850245,-39.01595233416611,2026-04-16 00:10:29.741 -0300
M20260295121,PERTURBAÇÃO AO SOSSEGO ALHEIO,-3.7664610497595707,-38.51423910500085,2026-04-16 00:10:29.744 -0300
M20260295120,FURTO,-3.760305841342105,-38.584999983552564,2026-04-16 00:10:29.748 -0300
M20260295142,PERTURBAÇÃO AO SOSSEGO ALHEIO,-3.8352562890627473,-38.573960983163815,2026-04-16 00:20:30.333 -0300
M20260295139,PERTURBAÇÃO AO SOSSEGO ALHEIO,-6.7946028019896465,-39.30198955807566,2026-04-16 00:20:30.338 -0300
M20260295138,MARIA DA PENHA,-3.4527967931351906,-40.20018709200888,2026-04-16 00:20:30.342 -0300
M20260295137,PERTURBAÇÃO AO SOSSEGO ALHEIO,-3.7291881864400858,-38.51989207538104,2026-04-16 00:20:30.346 -0300
M20260295134,DISPARO DE ARMA,-7.2199305180753415,-39.312754621767944,2026-04-16 00:20:30.350 -0300
M20260295136,PERTURBAÇÃO AO SOSSEGO ALHEIO,-5.162402974479881,-40.66716759683063,2026-04-16 00:20:30.354 -0300
M20260295133,PERTURBAÇÃO AO SOSSEGO ALHEIO,-3.7218704710656363,-38.57206068709587,2026-04-16 00:20:30.356 -0300
M20260295132,MARIA DA PENHA,-7.308969858379898,-39.30313972972843,2026-04-16 00:20:30.359 -0300
M20260295152,MARIA DA PENHA,-3.2777572400003305,-39.26812323818222,2026-04-16 00:30:28.497 -0300
M20260295151,PORTE ILEGAL DE ARMA,-3.77433503419827,-38.553257097054384,2026-04-16 00:30:28.531 -0300
M20260295150,PERTURBAÇÃO AO SOSSEGO ALHEIO,-4.926535792914728,-37.96774159784389,2026-04-16 00:30:28.535 -0300
M20260295147,LESÃO CORPORAL,-6.3626732549809475,-39.30149620346673,2026-04-16 00:30:28.538 -0300
M20260295146,MARIA DA PENHA,-3.7277856723105973,-38.6616044671983,2026-04-16 00:30:28.541 -0300
M20260295166,DISPARO DE ARMA,-3.9946438197995353,-38.62190211973495,2026-04-16 00:40:28.471 -0300
M20260295164,MARIA DA PENHA,-5.17769376370504,-40.66930085168361,2026-04-16 00:40:28.502 -0300
M20260295163,ROUBO,-3.7938435943641395,-38.59910754766505,2026-04-16 00:40:28.505 -0300
M20260295158,LESÃO CORPORAL,-7.250203607728332,-39.13678167231829,2026-04-16 00:40:28.508 -0300
M20260295156,PERTURBAÇÃO AO SOSSEGO ALHEIO,-7.214327606510468,-39.32731044401579,2026-04-16 00:40:28.512 -0300
M20260295155,PERTURBAÇÃO AO SOSSEGO ALHEIO,-3.832108919605314,-38.55267101926356,2026-04-16 00:40:28.515 -0300
M20260295177,PERTURBAÇÃO AO SOSSEGO ALHEIO,-3.691622930008367,-38.66404754284666,2026-04-16 00:50:28.775 -0300
M20260295176,PERTURBAÇÃO AO SOSSEGO ALHEIO,-3.8288773735531447,-38.570836373396475,2026-04-16 00:50:28.780 -0300
M20260295175,ROUBO,-3.7198745764571446,-38.51113589212611,2026-04-16 00:50:28.783 -0300
M20260295171,MARIA DA PENHA,-3.709884670568867,-38.600312805894674,2026-04-16 00:50:28.794 -0300
M20260295170,PERTURBAÇÃO AO SOSSEGO ALHEIO,-4.4682152498808465,-38.8976018172052,2026-04-16 00:50:28.797 -0300
M20260295181,PERTURBAÇÃO AO SOSSEGO ALHEIO,-3.766833904138886,-38.58324723981904,2026-04-16 01:00:31.144 -0300
M20260295180,PERTURBAÇÃO AO SOSSEGO ALHEIO,-4.929654659894657,-37.957999861897505,2026-04-16 01:00:31.180 -0300
M20260295179,MARIA DA PENHA,-3.4409469247637787,-39.029184241167115,2026-04-16 01:00:31.183 -0300
M20260295198,FURTO,-3.7486238673813475,-38.52757631806088,2026-04-16 01:10:28.439 -0300
M20260295197,EMBRIAGUEZ E DESORDEM,-3.7297789640811874,-38.5326797653727,2026-04-16 01:10:28.444 -0300
M20260295194,PERTURBAÇÃO AO SOSSEGO ALHEIO,-3.86128138274899,-38.58905428632744,2026-04-16 01:10:28.447 -0300
M20260295193,PERTURBAÇÃO AO SOSSEGO ALHEIO,-3.826130593901694,-38.54778292058932,2026-04-16 01:10:28.451 -0300
M20260295191,FURTO DE VEÍCULO,-3.760532833102254,-38.56866116896997,2026-04-16 01:10:28.454 -0300
M20260295190,MARIA DA PENHA,-3.6993903331848412,-38.59660072216194,2026-04-16 01:10:28.457 -0300
M20260295209,MARIA DA PENHA,-3.90886077300343,-38.52671880676786,2026-04-16 01:20:27.685 -0300
M20260295208,FURTO DE VEÍCULO,-3.760532833102254,-38.56866116896997,2026-04-16 01:20:27.721 -0300
M20260295205,TRÁFICO,-3.825394399977131,-38.481376460311466,2026-04-16 01:20:27.725 -0300
M20260295204,PERTURBAÇÃO AO SOSSEGO ALHEIO,-3.8431976431428554,-38.527063334711805,2026-04-16 01:20:27.728 -0300
M20260295218,SEQUESTRO,-3.781993551418568,-38.51624671825713,2026-04-16 01:30:30.326 -0300
M20260295217,MARIA DA PENHA,-7.235318291471926,-39.26841927639685,2026-04-16 01:30:30.359 -0300
M20260295214,PERTURBAÇÃO AO SOSSEGO ALHEIO,-3.6903691750869383,-40.37140074505393,2026-04-16 01:30:30.362 -0300
M20260295222,ROUBO,-3.781993551418568,-38.51624671825713,2026-04-16 01:40:29.259 -0300
M20260295220,PERTURBAÇÃO AO SOSSEGO ALHEIO,-3.6745209605261504,-41.06733997395562,2026-04-16 01:40:29.264 -0300
M20260295236,PERTURBAÇÃO AO SOSSEGO ALHEIO,-3.788714451652883,-38.61352586385321,2026-04-16 01:50:30.126 -0300
M20260295235,MARIA DA PENHA,-3.8526022107993696,-38.52576010846549,2026-04-16 01:50:30.168 -0300
M20260295232,PERTURBAÇÃO AO SOSSEGO ALHEIO,-3.97342311307852,-38.74847317528882,2026-04-16 01:50:30.171 -0300
M20260295230,MARIA DA PENHA,-3.621808672097345,-38.74823573209132,2026-04-16 01:50:30.175 -0300
M20260295228,PERTURBAÇÃO AO SOSSEGO ALHEIO,-3.72204686953108,-38.51150238069956,2026-04-16 01:50:30.178 -0300
M20260295243,TRÁFICO,-4.568882228916653,-37.7695654950968,2026-04-16 02:00:35.853 -0300
M20260295242,MARIA DA PENHA,-3.875185106496139,-38.62173539829699,2026-04-16 02:00:35.885 -0300
M20260295241,MARIA DA PENHA,-3.7286282942690203,-38.51561933357372,2026-04-16 02:00:35.889 -0300
M20260295240,PERTURBAÇÃO AO SOSSEGO ALHEIO,-3.673870322180193,-38.669081587110604,2026-04-16 02:00:35.892 -0300
M20260295249,DISPARO DE ARMA,-3.8205487673544796,-38.66398806367059,2026-04-16 02:10:34.987 -0300
M20260295265,PERTURBAÇÃO AO SOSSEGO ALHEIO,-7.217192894003938,-39.301210062554176,2026-04-16 02:30:28.314 -0300
M20260295263,PERTURBAÇÃO AO SOSSEGO ALHEIO,-3.8244067421082746,-38.51394590568673,2026-04-16 02:30:28.347 -0300
M20260295260,PERTURBAÇÃO AO SOSSEGO ALHEIO,-4.180281126797546,-38.46337846602428,2026-04-16 02:30:28.351 -0300
M20260295267,ROUBO,-3.8164380460384084,-38.465319267689146,2026-04-16 02:40:30.074 -0300
M20260295273,PERTURBAÇÃO AO SOSSEGO ALHEIO,-3.7455979446872427,-38.515344992240955,2026-04-16 02:50:27.832 -0300
M20260295278,MARIA DA PENHA,-3.7666878355689355,-38.5803157305773,2026-04-16 03:00:29.105 -0300
M20260295277,MARIA DA PENHA,-3.767460777977798,-38.531499817278316,2026-04-16 03:00:29.136 -0300
M20260295285,FURTO,-3.7377365594206697,-38.530146820460615,2026-04-16 03:10:30.214 -0300
M20260295284,PORTE ILEGAL DE ARMA,-7.23495859666347,-39.28945521728312,2026-04-16 03:10:30.248 -0300
M20260295282,MARIA DA PENHA,-3.2245010108858403,-40.69473924916674,2026-04-16 03:10:30.253 -0300
M20260295296,FURTO EM VEÍCULO,-3.769197299247348,-38.65780272233901,2026-04-16 03:20:28.379 -0300
M20260295295,PERTURBAÇÃO AO SOSSEGO ALHEIO,-3.7751826588063646,-38.58329774965546,2026-04-16 03:20:28.412 -0300
M20260295293,PERTURBAÇÃO AO SOSSEGO ALHEIO,-3.7078851027978894,-38.568318371003606,2026-04-16 03:20:28.416 -0300
M20260295298,PERTURBAÇÃO AO SOSSEGO ALHEIO,-3.829563025498275,-38.52585775715628,2026-04-16 03:30:29.194 -0300
M20260295310,MARIA DA PENHA,-7.193562439828187,-39.27417216716728,2026-04-16 03:40:29.047 -0300
M20260295309,CONSUMO DE ENTORPECENTES,-2.9126806517376718,-40.85117919350695,2026-04-16 03:40:29.080 -0300
M20260295320,PERTURBAÇÃO AO SOSSEGO ALHEIO,-3.7685382068015905,-38.6068961954485,2026-04-16 04:00:28.879 -0300
M20260295318,TRÁFICO,-3.720775810616614,-38.53465415519128,2026-04-16 04:00:28.910 -0300
M20260295329,EMBRIAGUEZ E DESORDEM,-3.791497200976589,-39.27061682345343,2026-04-16 04:10:28.981 -0300
M20260295323,PERTURBAÇÃO AO SOSSEGO ALHEIO,-3.705653628512941,-38.56551109340932,2026-04-16 04:10:28.986 -0300
M20260295335,DISPARO DE ARMA,-3.684072581320369,-39.58605464959176,2026-04-16 04:20:29.413 -0300
M20260295332,ROUBO,-3.728886980740542,-38.51964657229587,2026-04-16 04:20:29.449 -0300
M20260295360,PERTURBAÇÃO AO SOSSEGO ALHEIO,-3.851166626517228,-38.517125789849786,2026-04-16 05:10:30.131 -0300
M20260295375,LESÃO CORPORAL,-6.414378206216965,-38.86375901234448,2026-04-16 05:50:29.047 -0300
M20260295373,PERTURBAÇÃO AO SOSSEGO ALHEIO,-4.560823589596952,-37.76854930290939,2026-04-16 05:50:29.121 -0300
M20260295383,PERTURBAÇÃO AO SOSSEGO ALHEIO,-3.833854083619838,-38.48870987816731,2026-04-16 06:00:29.454 -0300
M20260295382,MARIA DA PENHA,-3.799163548708456,-40.26325061263664,2026-04-16 06:00:29.489 -0300
M20260295391,LESÃO CORPORAL,-3.726026040369956,-38.56942522997836,2026-04-16 06:30:29.938 -0300
M20260295403,MARIA DA PENHA,-3.8363101750234536,-38.488331048989885,2026-04-16 06:50:28.697 -0300
M20260295417,FURTO DE VEÍCULO,-3.7261300348486666,-38.60051747864742,2026-04-16 07:00:30.151 -0300
M20260295415,MARIA DA PENHA,-3.6998401899827233,-38.645464594649596,2026-04-16 07:00:30.186 -0300
