_id,endereco,latitude,longitude
cam-172-25-127-202,"Centro Integrado de Segurança Pública - Av. Aguanambi - Aeroporto, Fortaleza - CE, 60415-390",-3.7593,-38.5241
cam-172-25-127-203,"Centro Integrado de Segurança Pública - Av. Aguanambi - Aeroporto, Fortaleza - CE, 60415-390",-3.7593,-38.5241
cam-172-25-127-204,"Centro Integrado de Segurança Pública - Av. Aguanambi - Aeroporto, Fortaleza - CE, 60415-390",-3.7593,-38.5241
cam-172-25-127-205,"Centro Integrado de Segurança Pública - Av. Aguanambi - Aeroporto, Fortaleza - CE, 60415-390",-3.7593,-38.5241
cam-172-25-127-208,"Centro Integrado de Segurança Pública - Av. Aguanambi - Aeroporto, Fortaleza - CE, 60415-390",-3.7593,-38.5241
cam-172-25-127-210,"Centro Integrado de Segurança Pública - Av. Aguanambi - Aeroporto, Fortaleza - CE, 60415-390",-3.7593,-38.5241
cam-172-25-127-229,"Centro Integrado de Segurança Pública - Av. Aguanambi - Aeroporto, Fortaleza - CE, 60415-390",-3.7593,-38.5241
cam-172-25-127-209,"Centro Integrado de Segurança Pública - Av. Aguanambi - Aeroporto, Fortaleza - CE, 60415-390",-3.7593,-38.5241
cam-172-25-127-221,"Centro Integrado de Segurança Pública - Av. Aguanambi - Aeroporto, Fortaleza - CE, 60415-390",-3.7593,-38.5241
cam-172-25-127-223,"Centro Integrado de Segurança Pública - Av. Aguanambi - Aeroporto, Fortaleza - CE, 60415-390",-3.7593,-38.5241
cam-172-25-127-224,"Centro Integrado de Segurança Pública - Av. Aguanambi - Aeroporto, Fortaleza - CE, 60415-390",-3.7593,-38.5241
cam-172-25-127-228,"Centro Integrado de Segurança Pública - Av. Aguanambi - Aeroporto, Fortaleza - CE, 60415-390",-3.7593,-38.5241
cam-172-25-127-231,"Centro Integrado de Segurança Pública - Av. Aguanambi - Aeroporto, Fortaleza - CE, 60415-390",-3.7593,-38.5241
cam-45-226-37-177-transcoded,"Rua Paulo Sá, s/n - Ponto de referência: Entrada estacionamento ´E´ Arvorar",-3.907932,-38.431804
cam-45-226-37-177-7776-transcoded,"Rua Paulo Sá, s/n - Ponto de referência: Entrada estacionamento ´E´ Arvorar",-3.907932,-38.431804
cam-45-226-37-180-7772-transcoded,"Jardins - Rua João de Castro, 950 - Ponto de referência: Igreja Capela São Francisco",-3.900628,-38.437929
cam-172-25-127-238-80-transcoded,"Centro Integrado de Segurança Pública - Av. Aguanambi - Aeroporto, Fortaleza - CE, 60415-390",-3.7593,-38.5241
cam-45-226-37-180-7771-transcoded,"Jardins - Rua João de Castro, 950 - Ponto de referência: Igreja Capela São Francisco",-3.900628,-38.437929
cam-45-226-37-219-7778-transcoded,"Reserva: Av José Jorge Vieira, s/n",-3.901633,-38.42874
cam-45-226-37-219-7779-transcoded,"Av José Jorge Vieira, s/n",-3.901633,-38.42874
cam-45-226-37-196-7777-transcoded,Calçadão Beira Lago do Mato - Ponto de referência: Creperia da Vila,-3.908595,-38.431403
cam-192-168-170-81,ROTATORIA DO ASSAI,-3.85236,-38.58798
cam-192-168-170-82,ROTATORIA DO BANDEIRANTE,-3.87621,-38.59521
cam-192-168-170-83,R. CAP. VALDEMAR DE LIMA,-3.87545,-38.62295
cam-192-168-170-84,RUA ANTONIO DE ALENCAR X R. CAP VALDEMAR DE LIMA,-3.8776,-38.62441
cam-192-168-170-86,"TA LIMPO MARACANAU, AV. PADRE JOSE HOLANDA DO VALE",-3.87547,-38.62713
cam-192-168-170-87,"ROD. SEN. ALMIR PINTO, CE-065",-3.85166,-38.64693
cam-192-168-170-88,R. 20,-3.86774,-38.62066
cam-192-168-170-89,AV. DOS FUNCIONARIOS X AV. JAIME PAULINO,-3.88351,-38.63015
cam-192-168-170-90,RUA 1,-3.84678,-38.60891
cam-192-168-170-91,RUA PAULO ALVES,-3.86396,-38.58551
cam-192-168-170-92,AV. ADAUTO LIMA,-3.87717,-38.61004
cam-192-168-170-93,AV M. GALDINO X AV MANOEL ALEXANDRE FERREIRA,-3.87251,-38.61338
cam-192-168-170-94,"Av. Wilson Camurça, 1441 - Distrito Industrial I, Maracanaú - CE, 61939-000",-3.87254,-38.606384
cam-192-168-170-85,AV. III,-3.87713,-38.6157
cam-192-168-170-96,Av. Dr. Mendel Steinbruch - Rua Luís Gonzaga dos Santos,-3.852365,-38.587983
cam-192-168-170-100,Rua Antônio Alencar - Rua Cap. Valdemar de Lima,-3.877608,-38.624416
cam-192-168-170-99,Av. Padre José Holanda do Vale - Rua Oriente,-3.875302,-38.627139
cam-192-168-170-98,"Rodovia Sen. Almir Pinto, 60",-3.85154,-38.646759
cam-192-168-170-97,"Av. dos Estruturantes, 2 - Antonio Justa, Maracanaú - Fórum",-3.881937,-38.630858
cam-192-168-170-95,Av. Central - Rua Um,-3.846716,-38.608918
cam-10-100-0-21,"R. Edson Queiroz, 86-394 - Piratininga, Maracanaú - CE, 61905-155",-3.879861,-38.629778
cam-10-100-0-23,"R. N, 300-336 - Mondubim, Fortaleza - CE, 60765-135",-3.837333,-38.589889
cam-10-100-0-25,"R. Edson Queiroz, 86-394 - Piratininga, Maracanaú - CE, 61905-155",-3.879861,-38.629778
cam-10-100-0-26,"R. Edson Queiroz, 86-394 - Piratininga, Maracanaú - CE, 61905-155",-3.879861,-38.629778
cam-10-100-0-27,"Alto da Mangueira, Maracanaú - CE, 61905-125",-3.8855,-38.633278
cam-10-100-0-28,"PRAÇA DA ESTAÇÃO - Centro, Maracanaú - CE, 61900-161",-3.877786,-38.624489
cam-10-100-0-31,"R. N, 300-336 - Mondubim, Fortaleza - CE, 60765-135",-3.837333,-38.589889
cam-10-100-0-32,"R. Siqueira campos 1088 -Siqueira, Maracanaú - CE, 60732-260",-3.815528,-38.625444
cam-10-100-0-33,"CE-060 - Pajuçara, Maracanaú - CE, 61939-000",-3.876139,-38.595444
cam-10-100-0-34,"CE-060 - Pajuçara, Maracanaú - CE, 61939-000",-3.876139,-38.595444
cam-10-100-0-35,"CE-060 - Pajuçara, Maracanaú - CE, 61939-000",-3.876139,-38.595444
cam-10-100-0-36,"Av. Central da Pajuçara, 92 - Boa Esperança, Maracanaú - CE",-3.846111,-38.576778
cam-10-100-0-37,"Av. Central da Pajuçara, 92 - Boa Esperança, Maracanaú - CE",-3.846111,-38.576778
cam-10-100-0-38,"Av I, n° 210 - A - Conj. Jereissati, Maracanaú - CE, 61900-410",-3.872333,-38.614472
cam-10-100-0-39,"R. João Henrique da Silva, 848-884 - Pajuçara, Maracanaú - CE, 61930-230",-3.863778,-38.583194
cam-10-100-0-40,"R. João Henrique da Silva, 848-884 - Pajuçara, Maracanaú - CE, 61930-230",-3.863778,-38.583194
cam-10-100-0-5,"Av. Gen. Osório de Paiva - Siqueira, Maracanaú - CE, 61923-075",-3.824056,-38.620917
cam-10-100-0-58,,-3.861858,-38.622756
cam-10-100-0-6,"R. João Andrade Filho, 1732-1924 - Coqueiral, Maracanaú - CE, 61905-350",-3.874656,-38.624878
cam-10-100-0-7,"R. Quatro, 2-62 - Novo Maracanaú, Maracanaú - CE, 61905-460",-3.865306,-38624
cam-10-100-0-72,"Av. Adauto Lima,nº519 Timbó",-3.877019,-38.610161
cam-10-100-0-8,"Av. dos Estruturantes, 93-1 - Antonio Justa, Maracanaú - CE, 61903-010",-3.883139,-38.631194
cam-10-100-0-82,,-3.876186,-38.623403
cam-10-100-0-9,"R. José Nogueira Mota,1100 - Mucuna, Maracanaú ",-3.846611,-38.657028
cam-10-100-1-11,"R. João T. de Araújo, 426-472 - Alto da Mangueira, Maracanaú - CE, 61900-010",-3.887278,-38628
cam-10-100-1-12,"Rua. Senador Petrônio Portela,nº 165 - Alto da Bonança - Pajuçara",-3.858908,-38.585478
cam-10-100-1-13,"Av. Parque Central, 904 - Cj Novo Oriente, Maracanaú - CE, 60530-000",-3.846639,-38.608806
cam-10-100-1-140,"Olho D'Água, Maracanaú - CE, 61909-100",-3.917444,-38.624028
cam-10-100-1-16,"R. Seis, 23-27 - Acaracuzinho, Maracanaú - CE, 61919-040",-3.846222,-38.611361
cam-10-100-1-17,"Av. Parque Central, 904 - Cj Novo Oriente, Maracanaú - CE, 60530-000",-3.846639,-38.608806
cam-10-100-1-18,Av. 4 de julho Setor D X Av. Pastor Chagas Calda,-3.883056,-38.612611
cam-10-100-1-19,"Av. Lateral Sul, 645 - Acaracuzinho, Maracanaú - CE, PROX. Emeief Antonio Gondim de Lima",-3.850306,-38.614917
cam-10-100-1-2,"av. 4 de julho, Jereissati II, Maracanaú - CE",-3.882806,-38.614861
cam-10-100-1-20,"R. N, 300-336 - Mondubim, Fortaleza - CE, 60765-135",-3.837333,-38.589889
cam-10-100-1-22,"Av.Pe. José Holanda,nº2050 x Rua São José,nº1,esquina emeif ENEIDA SOARES",-3.876161,-38.626717
cam-10-100-1-222,"Olho D'Água, Maracanaú - CE, 61909-100",-3.917444,-38.624028
cam-10-100-1-24,"Via Ferrea Alto Alegre Maracanau, 1429 - Centro, Maracanaú - CE, 61909-170",-3.878056,-38.625472
cam-10-100-1-246,"Av. dos Estruturantes, 419-387 - Antonio Justa, Maracanaú - CE",-3.879806,-38.630639
cam-10-100-1-27,"PRAÇA DA ESTAÇÃO - Centro, Maracanaú - CE, 61900-161",-3.877786,-38.624489
cam-10-100-1-28,"R. Oriente, 10 - Piratininga, Maracanaú - CE, 61905-160",-3.87575,-38.628306
cam-10-100-1-29,"R. Pref. Almir Dutra, 671 - Jardim Bandeirantes, Maracanaú ",-3.870806,-38.587972
cam-10-100-1-3,"R. Edson Queiroz, 386 -  Antonio Justa, Maracanaú - CE, 61900-200",-3.880917,-38.629556
cam-10-100-1-30,,-3.863556,-38.625083
cam-10-100-1-31,"Av. dos Estruturantes, 93-1 - Antonio Justa, Maracanaú - CE, 61903-010",-3.883139,-38.631194
cam-10-100-1-32,"Rua. Senador Petrônio Portela,nº 165 - Alto da Bonança - Pajuçara",-3.858908,-38.585478
cam-10-100-1-34,"Av. Central Norte - Acaracuzinho, Maracanaú - CE, 61920-630",-3.845694,-38.619806
cam-10-100-1-35,"R. Edson Queiroz, 386 -  Antonio Justa, Maracanaú - CE, 61900-200",-3.880917,-38.629556
cam-10-100-1-36,"R. Edson Queiroz, 386 -  Antonio Justa, Maracanaú - CE, 61900-200",-3.880917,-38.629556
cam-10-100-1-37,"R. João Andrade Filho, 1732-1924 - Coqueiral, Maracanaú - CE, 61905-350",-3.874656,-38.624878
cam-10-100-1-38,"PROX. ESCOLA ALMIR DUTRA -                      R. Elífio Medeiros da Cunha, 450 - Arronches, Maracanaú - CE, 61932-245",-3.863236,-38.580036
cam-10-100-1-39,"Rua. Senador Petrônio Portela,nº 165 - Alto da Bonança - Pajuçara",-3.858908,-38.585478
cam-10-100-1-4,"R. 49, 261 - Jereissati II, Maracanaú - CE, 61901-110",-3.88109,-38.619162
cam-10-100-1-40,"Via Ferrea Alto Alegre Maracanau, 1429 - Centro, Maracanaú - CE, 61909-170",-3.878056,-38.625472
cam-10-100-1-42,"PROX. ESCOLA ALMIR DUTRA -                      R. Elífio Medeiros da Cunha, 450 - Arronches, Maracanaú - CE, 61932-245",-3.863236,-38.580036
cam-10-100-1-44,"Rua. Senador Petrônio Portela,nº 165 - Alto da Bonança - Pajuçara",-3.858908,-38.585478
cam-10-100-1-47,"R. Parque norte 1,  - Distrito Industrial, Maracanaú - CE, 61939-170",-3.843583,-38.590833
cam-10-100-1-49,"av. 4 de julho, Jereissati II, Maracanaú - CE",-3.882806,-38.614861
cam-10-100-1-5,"Av. Mᵃ Galdino, 16 - Timbo, Maracanaú ",-3.871694,-38.61675
cam-10-100-1-51,"R. Parque norte 1,  - Distrito Industrial, Maracanaú - CE, 61939-170",-3.843583,-38.590833
cam-10-100-1-53,"av. 4 de julho, Jereissati II, Maracanaú - CE",-3.882806,-38.614861
cam-10-100-1-56,"      CE-060 ,Nº 2290          ",-3.848475,-38.586708
cam-10-100-1-57,"      CE-060 ,Nº 2290          ",-3.848475,-38.586708
cam-10-100-1-59,"Av. X, 330-340 - Jereissati II, Maracanaú - CE, 61901-210",-3.884056,-38.623139
cam-10-100-1-6,,-3.879914,-38.624767
cam-10-100-1-60,"Av. Carlos Jereissate x Av. Cinco - b, Nº 2",-3.879383,-38.622092
cam-10-100-1-7,"R. José Francisco de Araújo, 574 - Luzardo Viana, Maracanaú - CE, 61910-110",-3858,-38.647306
cam-10-100-1-8,"R. José Francisco de Araújo, 574 - Luzardo Viana, Maracanaú - CE, 61910-110",-3858,-38.647306
cam-10-100-1-1,,0,0
cam-10-100-1-52,,0,0
cam-10-100-1-54,,0,0
cam-10-100-1-9,,0,0
cam-10-100-0-42,Rua Belém Posto de Saúde Piratininga,-3.870742,-38.625231
cam-10-100-0-44,,0,0
cam-10-100-0-47,,0,0
cam-10-100-0-1,"Av. Carlos Jereissate x Av. Cinco - b, Nº 2",-3.879383,-38.622092
cam-10-100-0-10,"Av. Timbó, 734-772 - Timbo, Maracanaú - CE, ",-3.880361,-38.604667
cam-10-100-0-12,"R. Edson Queiroz, 86-394 - Piratininga, Maracanaú - CE, 61905-155",-3.879861,-38.629778
cam-10-100-0-15,"Centro Administrativo 6 de Março, Av. Durval Tomaz de Sousa, 150 - Jereissati I, Maracanaú - CE",-3.873333,-38.616056
cam-10-100-0-16,"Centro Administrativo 6 de Março, Av. Durval Tomaz de Sousa, 150 - Jereissati I, Maracanaú - CE",-3.873333,-38.616056
cam-10-100-0-18,"R. Edson Queiroz, 86-394 - Piratininga, Maracanaú - CE, 61905-155",-3.879861,-38.629778
cam-10-100-0-22,,-3.861858,-38.622756
cam-10-100-0-3,"Av. Central Norte - Acaracuzinho, Maracanaú - CE, 61920-630",-3.845694,-38.619806
cam-10-100-0-30,"Rua do Campo, 281 - Coqueiral",-3.870194,-38.625667
cam-10-100-0-4,"R. José Francisco de Araújo, 574 - Luzardo Viana, Maracanaú - CE, 61910-110",-3858,-38.647306
cam-10-100-0-46,"Rua Paulo Batista,nº 144 - Jardim Paraíso - Pajuçara x R. Osvaldo Risato - ao lado da USBAF JOÃO BATISTA DOS SANTOS",-3.855658,-38.579336
cam-10-100-0-52,"Av. Mᵃ Galdino, 16 - Timbo, Maracanaú ",-3.871694,-38.61675
cam-10-100-0-59,,-3.861858,-38.622756
cam-10-100-1-14,,-3.811078,-38.628214
cam-10-100-1-95,"Av. Carlos Jereissate x Av. Cinco - b, Nº 2",-3.879383,-38.622092
cam-10-100-1-99,"Av. III , nº 475 - CENTRO",-3.877019,-38.615758
cam-10-100-0-24,,0,0
cam-10-100-0-60,"R. 1, 652 - Jenipapeiro, Maracanaú - CE, 61939-160",-3.862231,-38.622644
cam-10-100-0-76,"Rua . 118,nº 350 - Praça do TIMBÓ",-3.877583,-38.606003
cam-10-100-1-100,"R. 106, 31 - Timbo, Maracanaú",-3.871461,-38.609647
cam-10-100-1-167,"Av. Contôrno Leste,nº 487 - Timbó",-3.879417,-38.598719
cam-10-100-1-21,"Av. Carlos Jereissati,Nº386 - Esq. Rua 8 - CENTRO",-3.877756,-38.617908
cam-10-100-1-64,"Av. Padre José Holanda do Vale, 344 - Cagado, Maracanaú - CE, 61910-000",-3.866139,-38.631778
cam-10-100-1-65,,-3.852778,-38.668233
cam-10-100-1-66,,-3.833864,-38.630175
cam-10-100-1-67,"Av. Estruturante Oeste, 2 - Antonio Justa, Maracanaú",-3.881917,-38.630833
cam-10-100-1-68,"R. Pref. Almir Dutra, 671 - Jardim Bandeirantes, Maracanaú ",-3.870806,-38.587972
cam-10-100-1-70,,-3.879914,-38.624767
cam-10-100-1-71,,-3.853422,-38.577175
cam-10-100-1-73,"Av. Mᵃ Galdino, 16 - Timbo, Maracanaú ",-3.871694,-38.61675
cam-10-100-1-76,"Av. dos Estruturantes, 93-1 - Antonio Justa, Maracanaú - CE, 61903-010",-3.883139,-38.631194
cam-10-100-1-77,"Av. Lateral Sul, 645 - Acaracuzinho, Maracanaú - CE, PROX. Emeief Antonio Gondim de Lima",-3.850306,-38.614917
cam-10-100-1-78,"Olho D'Água, Maracanaú - CE, 61909-100",-3.917444,-38.624028
cam-10-100-1-79,"Av. dos Estruturantes, 93-1 - Antonio Justa, Maracanaú - CE, 61903-010",-3.883139,-38.631194
cam-10-100-1-83,,-3.879914,-38.624767
cam-10-100-1-84,,-3.852778,-38.668233
cam-10-100-1-85,"Av. Contôrno Leste,nº 487 - Timbó",-3.879417,-38.598719
cam-10-100-1-86,"Av. III , nº 475 - CENTRO",-3.877019,-38.615758
cam-10-100-1-87,"Travessa Antônio Batista,133 - Mucunã",-3.842658,-38.659497
cam-10-100-1-88,"Av. Estruturante Oeste, 2 - Antonio Justa, Maracanaú",-3.881917,-38.630833
cam-10-100-1-90,Av Contorno norte c/ av. Parque central - Distrito Industrial,-3.873506,-38.610544
cam-10-100-1-91,"Av. Central Norte - Acaracuzinho, Maracanaú - CE, 61920-690",-3.848633,-38.614158
cam-10-100-1-92,"rua. Beatriz Calisto,nº300 X Joâo Henrique da Silva S/N - PAJUÇARA",-3.86275,-38586
cam-10-100-1-94,"      CE-060 ,Nº 2290          ",-3.848475,-38.586708
cam-10-100-1-61,,0,0
cam-10-100-1-72,,0,0
cam-10-100-1-89,,0,0
cam-10-100-1-93,,0,0
cam-10-100-1-96,,0,0
